{"DefaultTint":{"r":0.18396228551864625,"g":0.18396228551864625,"b":1.0,"a":0.0},"FoldersData":{"Keys":["7cdeedae2565d034a996f5f5ea30dd23"],"Values":[{"_guid":"7cdeedae2565d034a996f5f5ea30dd23","_color":{"r":0.0,"g":0.0,"b":0.0,"a":1.0},"_recursive":true}]}}